name,email,password
Ana Silva,ana.silva@email.com,senha123
Bruno Costa,bruno.costa@email.com,senha123
Carlos Santos,carlos.santos@email.com,senha123
Diana Oliveira,diana.oliveira@email.com,senha123
Eduardo Martins,eduardo.martins@email.com,senha123
Fernanda Souza,fernanda.souza@email.com,senha123
Gabriel Pereira,gabriel.pereira@email.com,senha123
Helena Lima,helena.lima@email.com,senha123
Igor Rocha,igor.rocha@email.com,senha123
Julia Ferreira,julia.ferreira@email.com,senha123
Kevin Gomes,kevin.gomes@email.com,senha123
Lucia Alves,lucia.alves@email.com,senha123
Marcio Dias,marcio.dias@email.com,senha123
Natalia Araujo,natalia.araujo@email.com,senha123
Otavio Barbosa,otavio.barbosa@email.com,senha123
Patricia Cardoso,patricia.cardoso@email.com,senha123
Quincy Domingues,quincy.domingues@email.com,senha123
Rafaela Esteves,rafaela.esteves@email.com,senha123
Sergio Fernandez,sergio.fernandez@email.com,senha123
Tatiana Goncalves,tatiana.goncalves@email.com,senha123
Ulisses Henriques,ulisses.henriques@email.com,senha123
Vanessa Iago,vanessa.iago@email.com,senha123
Wagner Julio,wagner.julio@email.com,senha123
Ximena Karla,ximena.karla@email.com,senha123
Yasmin Lobato,yasmin.lobato@email.com,senha123
Zelia Morais,zelia.morais@email.com,senha123
Alessandra Neves,alessandra.neves@email.com,senha123
Bernardo Oliveira,bernardo.oliveira@email.com,senha123
Camila Paula,camila.paula@email.com,senha123
Damiano Quiroga,damiano.quiroga@email.com,senha123
Eliane Rojas,eliane.rojas@email.com,senha123
Fabio Sousa,fabio.sousa@email.com,senha123
Gabriela Teixeira,gabriela.teixeira@email.com,senha123
Henrique Uehara,henrique.uehara@email.com,senha123
Isadora Vargas,isadora.vargas@email.com,senha123
Joao Wagner,joao.wagner@email.com,senha123
Karen Xaves,karen.xaves@email.com,senha123
Leonardo Yawara,leonardo.yawara@email.com,senha123
Monica Zanchet,monica.zanchet@email.com,senha123
Nicolas Abreu,nicolas.abreu@email.com,senha123
Olivia Batista,olivia.batista@email.com,senha123
Paulo Cavalcanti,paulo.cavalcanti@email.com,senha123
Quiteria Dantas,quiteria.dantas@email.com,senha123
Rafaela Esteban,rafaela.esteban@email.com,senha123
Samuel Ferreira,samuel.ferreira@email.com,senha123
Teodora Goulart,teodora.goulart@email.com,senha123
Urias Henriques,urias.henriques@email.com,senha123
Vanilda Ireno,vanilda.ireno@email.com,senha123
Wagner Justino,wagner.justino@email.com,senha123
Xenia Kerr,xenia.kerr@email.com,senha123
